{"train_loss": [3.608857334961537, 2.918553801082628, 2.534543536635986, 2.18011227341198, 1.8963323269348478, 1.6614217518719003, 1.4639058576400623, 1.3161994830489678, 1.1639006113121082, 1.063324543976888], "val_loss": [3.2994957710134574, 3.0116029114558778, 2.3367289798013093, 2.2166124664503952, 1.8188539907850068, 1.685010143395128, 1.5318698451436799, 1.4655645633565968, 1.256687158140643, 1.4769766371825646], "train_acc": [24.51127819548872, 34.490772385509224, 41.02529049897471, 47.163362952836636, 52.30348598769651, 57.32057416267943, 61.44907723855092, 64.7846889952153, 68.42105263157895, 71.5516062884484], "val_acc": [27.571115973741794, 32.822757111597376, 47.37417943107221, 47.4835886214442, 53.391684901531725, 57.5492341356674, 60.61269146608315, 61.816192560175054, 67.5054704595186, 64.00437636761488]}